Username;Attempt_number;Screen_resolution;Pattern_number_A;Pattern_number_B;Xcoord_of_central_Point_of_A;Ycoord_of_central_Point_of_A;Xcoord_of_central_Point_of_B;Ycoord_of_central_Point_of_B;First_Xcoord_of_A;First_Ycoord_of_A;Last_ Xcoord_of_B;Last_Ycoord_of_B;Distance_AB;Intertime_AB;Avg_speeadAB;Avg_pressure
popatos;1;1920, 1080;0;1;420.0;420.0;1260.0;420.0;331.44095;1057.0881;278.0;1045.0;54.79103920560631;1414712031;-3.800815675517E14;2.0
popatos;1;1920, 1080;1;2;1260.0;420.0;2100.0;420.0;331.44095;1057.0881;278.0;1045.0;54.79103920560631;1414712031;-3.800815675517E14;2.0
popatos;1;1920, 1080;2;5;2100.0;420.0;2100.0;1260.0;331.44095;1057.0881;278.0;1045.0;54.79103920560631;1414712031;-3.800815675517E14;2.0
popatos;1;1920, 1080;5;4;2100.0;1260.0;1260.0;1260.0;331.44095;1057.0881;278.0;1045.0;54.79103920560631;1414712031;-3.800815675517E14;2.0
popatos;1;1920, 1080;4;3;1260.0;1260.0;420.0;1260.0;331.44095;1057.0881;278.0;1045.0;54.79103920560631;1414712031;-3.800815675517E14;2.0
