Username;Attempt_number;Screen_resolution;Pattern_number_A;Pattern_number_B;Xcoord_of_central_Point_of_A;Ycoord_of_central_Point_of_A;Xcoord_of_central_Point_of_B;Ycoord_of_central_Point_of_B;First_Xcoord_of_A;First_Ycoord_of_A;Last_ Xcoord_of_B;Last_Ycoord_of_B;Distance_AB;Intertime_AB;Avg_speeadAB;Avg_pressure
ana;26;1920, 1080;8;5;2100.0;2100.0;2100.0;1260.0;252.71616;814.3653;286.0;701.0;118.15034690790495;1302689791;-3.77220296604721E14;19.0
ana;26;1920, 1080;5;2;2100.0;1260.0;2100.0;420.0;252.71616;814.3653;286.0;701.0;118.15034690790495;1302689791;-3.77220296604721E14;21.0
ana;26;1920, 1080;2;1;2100.0;420.0;1260.0;420.0;252.71616;814.3653;286.0;701.0;118.15034690790495;1302689791;-3.77220296604721E14;24.0
ana;26;1920, 1080;1;4;1260.0;420.0;1260.0;1260.0;252.71616;814.3653;286.0;701.0;118.15034690790495;1302689791;-3.77220296604721E14;24.0
ana;26;1920, 1080;4;7;1260.0;1260.0;1260.0;2100.0;252.71616;814.3653;286.0;701.0;118.15034690790495;1302689791;-3.77220296604721E14;22.0
ana;26;1920, 1080;7;6;1260.0;2100.0;420.0;2100.0;252.71616;814.3653;286.0;701.0;118.15034690790495;1302689791;-3.77220296604721E14;18.0
ana;26;1920, 1080;6;3;420.0;2100.0;420.0;1260.0;252.71616;814.3653;286.0;701.0;118.15034690790495;1302689791;-3.77220296604721E14;14.0
ana;26;1920, 1080;3;0;420.0;1260.0;420.0;420.0;252.71616;814.3653;286.0;701.0;118.15034690790495;1302689791;-3.77220296604721E14;14.0
