Username;Attempt_number;Screen_resolution;Pattern_number_A;Pattern_number_B;Xcoord_of_central_Point_of_A;Ycoord_of_central_Point_of_A;Xcoord_of_central_Point_of_B;Ycoord_of_central_Point_of_B;First_Xcoord_of_A;First_Ycoord_of_A;Last_ Xcoord_of_B;Last_Ycoord_of_B;Distance_AB;Intertime_AB;Avg_speeadAB;Avg_pressure
ana;21;1920, 1080;0;3;420.0;420.0;420.0;1260.0;809.0;1285.5985;814.0;1289.0;6.047324133119857;1574568072;-3.77196516545512E14;10.0
ana;21;1920, 1080;3;6;420.0;1260.0;420.0;2100.0;809.0;1285.5985;814.0;1289.0;6.047324133119857;1574568072;-3.77196516545512E14;10.0
ana;21;1920, 1080;6;7;420.0;2100.0;1260.0;2100.0;809.0;1285.5985;814.0;1289.0;6.047324133119857;1574568072;-3.77196516545512E14;12.0
ana;21;1920, 1080;7;4;1260.0;2100.0;1260.0;1260.0;809.0;1285.5985;814.0;1289.0;6.047324133119857;1574568072;-3.77196516545512E14;14.0
ana;21;1920, 1080;4;1;1260.0;1260.0;1260.0;420.0;809.0;1285.5985;814.0;1289.0;6.047324133119857;1574568072;-3.77196516545512E14;16.0
ana;21;1920, 1080;1;2;1260.0;420.0;2100.0;420.0;809.0;1285.5985;814.0;1289.0;6.047324133119857;1574568072;-3.77196516545512E14;16.0
ana;21;1920, 1080;2;5;2100.0;420.0;2100.0;1260.0;809.0;1285.5985;814.0;1289.0;6.047324133119857;1574568072;-3.77196516545512E14;14.0
ana;21;1920, 1080;5;8;2100.0;1260.0;2100.0;2100.0;809.0;1285.5985;814.0;1289.0;6.047324133119857;1574568072;-3.77196516545512E14;12.0
