Username;Attempt_number;Screen_resolution;Pattern_number_A;Pattern_number_B;Xcoord_of_central_Point_of_A;Ycoord_of_central_Point_of_A;Xcoord_of_central_Point_of_B;Ycoord_of_central_Point_of_B;First_Xcoord_of_A;First_Ycoord_of_A;Last_ Xcoord_of_B;Last_Ycoord_of_B;Distance_AB;Intertime_AB;Avg_speeadAB;Avg_pressure
noname;12;1920, 1080;6;7;420.0;2100.0;1260.0;2100.0;870.14087;1124.6339;858.0;1075.0;51.09721947258685;634820417;-9.1936015393823E13;24.0
noname;12;1920, 1080;7;8;1260.0;2100.0;2100.0;2100.0;870.14087;1124.6339;858.0;1075.0;51.09721947258685;634820417;-9.1936015393823E13;19.0
noname;12;1920, 1080;8;5;2100.0;2100.0;2100.0;1260.0;870.14087;1124.6339;858.0;1075.0;51.09721947258685;634820417;-9.1936015393823E13;19.0
