Username;Attempt_number;Screen_resolution;Pattern_number_A;Pattern_number_B;Xcoord_of_central_Point_of_A;Ycoord_of_central_Point_of_A;Xcoord_of_central_Point_of_B;Ycoord_of_central_Point_of_B;First_Xcoord_of_A;First_Ycoord_of_A;Last_ Xcoord_of_B;Last_Ycoord_of_B;Distance_AB;Intertime_AB;Avg_speeadAB;Avg_pressure
ch_kts;18;1920, 1080;7;4;1260.0;2100.0;1260.0;1260.0;281.94232;1291.481;276.0;1400.0;108.6816170056321;1317678385;-1.0198082900401E14;26.0
ch_kts;18;1920, 1080;4;1;1260.0;1260.0;1260.0;420.0;281.94232;1291.481;276.0;1400.0;108.6816170056321;1317678385;-1.0198082900401E14;30.0
ch_kts;18;1920, 1080;1;0;1260.0;420.0;420.0;420.0;281.94232;1291.481;276.0;1400.0;108.6816170056321;1317678385;-1.0198082900401E14;29.0
ch_kts;18;1920, 1080;0;3;420.0;420.0;420.0;1260.0;281.94232;1291.481;276.0;1400.0;108.6816170056321;1317678385;-1.0198082900401E14;20.0
ch_kts;18;1920, 1080;3;6;420.0;1260.0;420.0;2100.0;281.94232;1291.481;276.0;1400.0;108.6816170056321;1317678385;-1.0198082900401E14;14.0
