Username;Attempt_number;Screen_resolution;Pattern_number_A;Pattern_number_B;Xcoord_of_central_Point_of_A;Ycoord_of_central_Point_of_A;Xcoord_of_central_Point_of_B;Ycoord_of_central_Point_of_B;First_Xcoord_of_A;First_Ycoord_of_A;Last_ Xcoord_of_B;Last_Ycoord_of_B;Distance_AB;Intertime_AB;Avg_speeadAB;Avg_pressure
ch_kts;21;1920, 1080;0;4;420.0;420.0;1260.0;1260.0;838.9057;840.6599;839.0;812.0;28.660067244829946;1299030417;-1.02017322464621E14;31.0
ch_kts;21;1920, 1080;4;8;1260.0;1260.0;2100.0;2100.0;838.9057;840.6599;839.0;812.0;28.660067244829946;1299030417;-1.02017322464621E14;31.0
ch_kts;21;1920, 1080;8;5;2100.0;2100.0;2100.0;1260.0;838.9057;840.6599;839.0;812.0;28.660067244829946;1299030417;-1.02017322464621E14;27.0
ch_kts;21;1920, 1080;5;2;2100.0;1260.0;2100.0;420.0;838.9057;840.6599;839.0;812.0;28.660067244829946;1299030417;-1.02017322464621E14;27.0
