Username;Attempt_number;Screen_resolution;Pattern_number_A;Pattern_number_B;Xcoord_of_central_Point_of_A;Ycoord_of_central_Point_of_A;Xcoord_of_central_Point_of_B;Ycoord_of_central_Point_of_B;First_Xcoord_of_A;First_Ycoord_of_A;Last_ Xcoord_of_B;Last_Ycoord_of_B;Distance_AB;Intertime_AB;Avg_speeadAB;Avg_pressure
icsd15088;17;1920, 1080;6;4;420.0;2100.0;1260.0;1260.0;844.8846;1302.1923;844.0;1367.0;64.81377595806676;2083887499;-1.98591096837863E14;24.0
icsd15088;17;1920, 1080;4;7;1260.0;1260.0;1260.0;2100.0;844.8846;1302.1923;844.0;1367.0;64.81377595806676;2083887499;-1.98591096837863E14;26.0
icsd15088;17;1920, 1080;7;5;1260.0;2100.0;2100.0;1260.0;844.8846;1302.1923;844.0;1367.0;64.81377595806676;2083887499;-1.98591096837863E14;19.0
icsd15088;17;1920, 1080;5;8;2100.0;1260.0;2100.0;2100.0;844.8846;1302.1923;844.0;1367.0;64.81377595806676;2083887499;-1.98591096837863E14;16.0
