Username;Attempt_number;Screen_resolution;Pattern_number_A;Pattern_number_B;Xcoord_of_central_Point_of_A;Ycoord_of_central_Point_of_A;Xcoord_of_central_Point_of_B;Ycoord_of_central_Point_of_B;First_Xcoord_of_A;First_Ycoord_of_A;Last_ Xcoord_of_B;Last_Ycoord_of_B;Distance_AB;Intertime_AB;Avg_speeadAB;Avg_pressure
icsd15088;13;1920, 1080;7;4;1260.0;2100.0;1260.0;1260.0;778.0;782.0;829.0;776.0;51.35172830587107;773910417;-1.98574472155421E14;20.0
icsd15088;13;1920, 1080;4;1;1260.0;1260.0;1260.0;420.0;778.0;782.0;829.0;776.0;51.35172830587107;773910417;-1.98574472155421E14;21.0
icsd15088;13;1920, 1080;1;2;1260.0;420.0;2100.0;420.0;778.0;782.0;829.0;776.0;51.35172830587107;773910417;-1.98574472155421E14;13.0
