Username;Attempt_number;Screen_resolution;Pattern_number_A;Pattern_number_B;Xcoord_of_central_Point_of_A;Ycoord_of_central_Point_of_A;Xcoord_of_central_Point_of_B;Ycoord_of_central_Point_of_B;First_Xcoord_of_A;First_Ycoord_of_A;Last_ Xcoord_of_B;Last_Ycoord_of_B;Distance_AB;Intertime_AB;Avg_speeadAB;Avg_pressure
icsd13008;15;1920, 1080;0;1;420.0;420.0;1260.0;420.0;309.75806;1097.9053;272.0;1105.0;38.41882333275303;1195651406;-9.0067298312545E13;30.0
icsd13008;15;1920, 1080;1;2;1260.0;420.0;2100.0;420.0;309.75806;1097.9053;272.0;1105.0;38.41882333275303;1195651406;-9.0067298312545E13;28.0
icsd13008;15;1920, 1080;2;5;2100.0;420.0;2100.0;1260.0;309.75806;1097.9053;272.0;1105.0;38.41882333275303;1195651406;-9.0067298312545E13;25.0
icsd13008;15;1920, 1080;5;4;2100.0;1260.0;1260.0;1260.0;309.75806;1097.9053;272.0;1105.0;38.41882333275303;1195651406;-9.0067298312545E13;28.0
icsd13008;15;1920, 1080;4;3;1260.0;1260.0;420.0;1260.0;309.75806;1097.9053;272.0;1105.0;38.41882333275303;1195651406;-9.0067298312545E13;30.0
