Username;Attempt_number;Screen_resolution;Pattern_number_A;Pattern_number_B;Xcoord_of_central_Point_of_A;Ycoord_of_central_Point_of_A;Xcoord_of_central_Point_of_B;Ycoord_of_central_Point_of_B;First_Xcoord_of_A;First_Ycoord_of_A;Last_ Xcoord_of_B;Last_Ycoord_of_B;Distance_AB;Intertime_AB;Avg_speeadAB;Avg_pressure
icsd13008;13;1920, 1080;0;1;420.0;420.0;1260.0;420.0;245.0;1141.4777;239.0;1095.0;46.86334371741468;1934697551;-9.0057138983487E13;28.0
icsd13008;13;1920, 1080;1;2;1260.0;420.0;2100.0;420.0;245.0;1141.4777;239.0;1095.0;46.86334371741468;1934697551;-9.0057138983487E13;26.0
icsd13008;13;1920, 1080;2;5;2100.0;420.0;2100.0;1260.0;245.0;1141.4777;239.0;1095.0;46.86334371741468;1934697551;-9.0057138983487E13;22.0
icsd13008;13;1920, 1080;5;8;2100.0;1260.0;2100.0;2100.0;245.0;1141.4777;239.0;1095.0;46.86334371741468;1934697551;-9.0057138983487E13;23.0
icsd13008;13;1920, 1080;8;7;2100.0;2100.0;1260.0;2100.0;245.0;1141.4777;239.0;1095.0;46.86334371741468;1934697551;-9.0057138983487E13;27.0
icsd13008;13;1920, 1080;7;6;1260.0;2100.0;420.0;2100.0;245.0;1141.4777;239.0;1095.0;46.86334371741468;1934697551;-9.0057138983487E13;28.0
icsd13008;13;1920, 1080;6;3;420.0;2100.0;420.0;1260.0;245.0;1141.4777;239.0;1095.0;46.86334371741468;1934697551;-9.0057138983487E13;26.0
